[
  {
    "id": "TRO-OP-26-0001",
    "certificateNumber": "TRO-OP-26-0001",
    "name": "ABUBAKAR BEG ASHIKBEG MIRZA",
    "qualification": "Basic Rigger Assessment",
    "company": "Middle East Comprehensive Tubular Services (Duqm) LLC",
    "validTill": "03.01.2028",
    "issueDate": "04.01.2026",
    "employeeNumber": "71450073"
  },
  {
    "id": "TRO-OP-26-0002",
    "certificateNumber": "TRO-OP-26-0002",
    "name": "ADARSH PUTHIYA KAVIL",
    "qualification": "Basic Rigger Assessment",
    "company": "Middle East Comprehensive Tubular Services (Duqm) LLC",
    "validTill": "03.01.2028",
    "issueDate": "04.01.2026",
    "employeeNumber": "140050769"
  },
  {
    "id": "TRO-OP-26-0003",
    "certificateNumber": "TRO-OP-26-0003",
    "name": "RASIN KANDIYIL  THAZHE KUNIYIL",
    "qualification": "Basic Rigger Assessment",
    "company": "Middle East Comprehensive Tubular Services (Duqm) LLC",
    "validTill": "03.01.2028",
    "issueDate": "04.01.2026",
    "employeeNumber": "140050793"
  },
  {
    "id": "TRO-OP-26-0004",
    "certificateNumber": "TRO-OP-26-0004",
    "name": "SUNDARAM MUTHU",
    "qualification": "Basic Rigger Assessment",
    "company": "Middle East Comprehensive Tubular Services (Duqm) LLC",
    "validTill": "03.01.2028",
    "issueDate": "04.01.2026",
    "employeeNumber": "100176129"
  },
  {
    "id": "TRO-OP-26-0005",
    "certificateNumber": "TRO-OP-26-0005",
    "name": "VARUN PUTHAN VEETTIL",
    "qualification": "Basic Rigger Assessment",
    "company": "Middle East Comprehensive Tubular Services (Duqm) LLC",
    "validTill": "03.01.2028",
    "issueDate": "04.01.2026",
    "employeeNumber": "140050788"
  },
  {
    "id": "TRO-OP-26-0006",
    "certificateNumber": "TRO-OP-26-0006",
    "name": "SAJEESH PANICHIKANDY",
    "qualification": "Basic Rigger Assessment",
    "company": "Middle East Comprehensive Tubular Services (Duqm) LLC",
    "validTill": "04.01.2028",
    "issueDate": "05.01.2026",
    "employeeNumber": "140496048"
  },
  {
    "id": "TRO-OP-26-0007",
    "certificateNumber": "TRO-OP-26-0007",
    "name": "MD FARVEZ HOSSAIN",
    "qualification": "Basic Rigger Assessment",
    "company": "Middle East Comprehensive Tubular Services (Duqm) LLC",
    "validTill": "04.01.2028",
    "issueDate": "05.01.2026",
    "employeeNumber": "133245102"
  },
  {
    "id": "TRO-OP-26-0008",
    "certificateNumber": "TRO-OP-26-0008",
    "name": "PATHAN SADDAMHUSHEN ISUBKHAN",
    "qualification": "Basic Rigger Assessment",
    "company": "Middle East Comprehensive Tubular Services (Duqm) LLC",
    "validTill": "04.01.2028",
    "issueDate": "05.01.2026",
    "employeeNumber": "125517082"
  },
  {
    "id": "TRO-OP-26-0009",
    "certificateNumber": "TRO-OP-26-0009",
    "name": "AJGOR HOSSAN",
    "qualification": "Basic Rigger Assessment",
    "company": "Middle East Comprehensive Tubular Services (Duqm) LLC",
    "validTill": "04.01.2028",
    "issueDate": "05.01.2026",
    "employeeNumber": "102448755"
  },
  {
    "id": "TRO-OP-26-0010",
    "certificateNumber": "TRO-OP-26-0010",
    "name": "BIJU",
    "qualification": "Basic Rigger Assessment",
    "company": "Middle East Comprehensive Tubular Services (Duqm) LLC",
    "validTill": "04.01.2028",
    "issueDate": "05.01.2026",
    "employeeNumber": "140100753"
  },
  {
    "id": "TRO-OP-26-0011",
    "certificateNumber": "TRO-OP-26-0011",
    "name": "SACHIN KOTTAYI",
    "qualification": "Basic Rigger Assessment",
    "company": "Middle East Comprehensive Tubular Services (Duqm) LLC",
    "validTill": "04.01.2028",
    "issueDate": "05.01.2026",
    "employeeNumber": "140050825"
  },
  {
    "id": "TRO-OP-26-0012",
    "certificateNumber": "TRO-OP-26-0012",
    "name": "HARIBANSH SHAH",
    "qualification": "Safe Dozer Operation Assessment",
    "company": "Galfar Engineering and Contracting SAOG",
    "validTill": "09.01.2027",
    "issueDate": "10.01.2026",
    "employeeNumber": "61999649"
  },
  {
    "id": "TRO-OP-26-0013",
    "certificateNumber": "TRO-OP-26-0013",
    "name": "MOHAMMED RAFIK ANSARI",
    "qualification": "Safe Mobile Crane Operation Assessment",
    "company": "Galfar Engineering and Contracting SAOG",
    "validTill": "09.01.2027",
    "issueDate": "10.01.2026",
    "employeeNumber": "140862381"
  },
  {
    "id": "TRO-OP-26-0014",
    "certificateNumber": "TRO-OP-26-0014",
    "name": "GURNINDER SINGH",
    "qualification": "Safe Roller Compactor Operation Assessment",
    "company": "Murtafaeat Al Najad Al Mutaqadimah Trad. LLC",
    "validTill": "10.01.2027",
    "issueDate": "11.01.2026",
    "employeeNumber": "139313091"
  },
  {
    "id": "TRO-OP-26-0015",
    "certificateNumber": "TRO-OP-26-0015",
    "name": "DALBIR SINGH JAGRUP SINGH",
    "qualification": "Safe Lorry Loader Crane Operation Assessment",
    "company": "Galfar Engineering and Contracting SAOG",
    "validTill": "10.01.2027",
    "issueDate": "11.01.2026",
    "employeeNumber": "114571793"
  },
  {
    "id": "TRO-OP-26-0016",
    "certificateNumber": "TRO-OP-26-0016",
    "name": "RAJ KISHOR YADAV",
    "qualification": "Safe Roller Compactor Operation Assessment",
    "company": "AWTAR BARKA TRADING",
    "validTill": "09.01.2027",
    "issueDate": "10.01.2026",
    "employeeNumber": "108712658"
  },
  {
    "id": "TRO-OP-26-0017",
    "certificateNumber": "TRO-OP-26-0017",
    "name": "BABAR ALI GHULAM ABBAS",
    "qualification": "Safe Backhoe Loader Operation Assessment",
    "company": "Three Star Galaxy International LLC",
    "validTill": "13.01.2027",
    "issueDate": "14.01.2026",
    "employeeNumber": "119228131"
  }
]